[{"type":"row","layout":"39","settings":{"custom_class":"","fluidrow":0,"margin":"","padding":"","hidden_md":0,"hidden_sm":0,"hidden_xs":0,"link_hover_color":"","link_color":"","background_image":"","color":"","background_color":"","name":"Header"},"attr":[{"type":"sp_col","className":"layout-column col-sm-3 column-active","settings":{"sortableitem":"[object Object]","md_hidden":0,"ms_hidden":0,"xs_hidden":0,"custom_class":"","xs_col":"col-xs-6","sm_col":"col-sm-4","hidden_md":0,"hidden_sm":0,"hidden_xs":0,"name":"logo","column_type":0}},{"type":"sp_col","className":"layout-column col-sm-9","settings":{"sortableitem":"[object Object]","custom_class":"","md_hidden":0,"ms_hidden":0,"xs_hidden":0,"name":"menu","column_type":0,"hidden_xs":0,"hidden_sm":0,"hidden_md":0,"sm_col":"col-sm-8","xs_col":"col-xs-6"}}]},{"type":"row","layout":12,"settings":{"name":"Page Title","background_color":"","color":"","background_image":"","link_color":"","link_hover_color":"","hidden_xs":0,"hidden_sm":0,"hidden_md":0,"padding":"","margin":"","fluidrow":1,"custom_class":""},"attr":[{"type":"sp_col","className":"layout-column col-sm-12","settings":{"column_type":0,"name":"title","hidden_xs":0,"hidden_sm":0,"hidden_md":0,"sm_col":"","xs_col":"","custom_class":""}}]},{"type":"row","layout":12,"settings":{"custom_class":"","fluidrow":0,"margin":"","padding":"","hidden_md":0,"hidden_sm":0,"hidden_xs":0,"link_hover_color":"","link_color":"","background_image":"","color":"","background_color":"","name":"Slider"},"attr":[{"type":"sp_col","className":"layout-column col-sm-12","settings":{"custom_class":"","xs_col":"","sm_col":"","hidden_md":0,"hidden_sm":0,"hidden_xs":0,"name":"slider","column_type":0}}]},{"type":"row","layout":12,"settings":{"name":"Drawer","background_color":"","color":"","background_image":"","link_color":"","link_hover_color":"","hidden_xs":0,"hidden_sm":0,"hidden_md":0,"padding":"","margin":"","fluidrow":0,"custom_class":""},"attr":[{"type":"sp_col","className":"layout-column col-sm-12","settings":{"column_type":0,"name":"drawer","hidden_xs":0,"hidden_sm":0,"hidden_md":0,"sm_col":"","xs_col":"","custom_class":""}}]},{"type":"row","layout":12,"settings":{"custom_class":"","fluidrow":0,"margin":"","padding":"","hidden_md":0,"hidden_sm":0,"hidden_xs":0,"link_hover_color":"","link_color":"","background_image":"","color":"","background_color":"","name":"Showcase"},"attr":[{"type":"sp_col","className":"layout-column col-sm-12","settings":{"custom_class":"","xs_col":"","sm_col":"","hidden_md":0,"hidden_sm":0,"hidden_xs":0,"name":"showcase-a","column_type":0}}]},{"type":"row","layout":12,"settings":{"name":"Feature","background_color":"","color":"","background_image":"","link_color":"","link_hover_color":"","hidden_xs":0,"hidden_sm":0,"hidden_md":0,"padding":"","margin":"","fluidrow":0,"custom_class":""},"attr":[{"type":"sp_col","className":"layout-column col-sm-12","settings":{"column_type":0,"name":"feature-a","hidden_xs":0,"hidden_sm":0,"hidden_md":0,"sm_col":"","xs_col":"","custom_class":""}}]},{"type":"row","layout":12,"settings":{"custom_class":"","fluidrow":0,"margin":"","padding":"","hidden_md":0,"hidden_sm":0,"hidden_xs":0,"link_hover_color":"","link_color":"","background_image":"","color":"","background_color":"","name":"Utility"},"attr":[{"type":"sp_col","className":"layout-column col-sm-12","settings":{"custom_class":"","xs_col":"","sm_col":"","hidden_md":0,"hidden_sm":0,"hidden_xs":0,"name":"utility-a","column_type":0}}]},{"type":"row","layout":12,"settings":{"name":"Jd Custom Position","background_color":"","color":"","background_image":"","link_color":"","link_hover_color":"","hidden_xs":0,"hidden_sm":0,"hidden_md":0,"padding":"","margin":"","fluidrow":0,"custom_class":""},"attr":[{"type":"sp_col","className":"layout-column col-sm-12","settings":{"column_type":0,"name":"jd-custom-position-a","hidden_xs":0,"hidden_sm":0,"hidden_md":0,"sm_col":"","xs_col":"","custom_class":""}}]},{"type":"row","layout":"66","settings":{"name":"Maintop","background_color":"","color":"","background_image":"","link_color":"","link_hover_color":"","hidden_xs":0,"hidden_sm":0,"hidden_md":0,"padding":"","margin":"","fluidrow":0,"custom_class":""},"attr":[{"type":"sp_col","className":"layout-column col-sm-6","settings":{"custom_class":"","xs_col":"","sm_col":"","hidden_md":0,"hidden_sm":0,"hidden_xs":0,"name":"maintop-a","column_type":0,"sortableitem":"[object Object]"}},{"type":"sp_col","className":"layout-column col-sm-6","settings":{"custom_class":"","xs_col":"","sm_col":"","hidden_md":0,"hidden_sm":0,"hidden_xs":0,"name":"maintop-b","column_type":0}}]},{"type":"row","layout":"66","settings":{"name":"Jd Custom Position Two","background_color":"","color":"","background_image":"","link_color":"","link_hover_color":"","hidden_xs":0,"hidden_sm":0,"hidden_md":0,"padding":"","margin":"","fluidrow":0,"custom_class":""},"attr":[{"type":"sp_col","className":"layout-column col-sm-6","settings":{"sortableitem":"[object Object]","column_type":0,"name":"jd-custom-position-two-a","hidden_xs":0,"hidden_sm":0,"hidden_md":0,"sm_col":"","xs_col":"","custom_class":""}},{"type":"sp_col","className":"layout-column col-sm-6","settings":{"column_type":0,"name":"jd-custom-position-two-b","hidden_xs":0,"hidden_sm":0,"hidden_md":0,"sm_col":"","xs_col":"","custom_class":""}}]},{"type":"row","layout":"66","settings":{"custom_class":"","fluidrow":0,"margin":"","padding":"","hidden_md":0,"hidden_sm":0,"hidden_xs":0,"link_hover_color":"","link_color":"","background_image":"","color":"","background_color":"","name":"Content Top"},"attr":[{"type":"sp_col","className":"layout-column col-sm-6","settings":{"column_type":0,"name":"content-top-a","hidden_xs":0,"hidden_sm":0,"hidden_md":0,"sm_col":"","xs_col":"","custom_class":"","sortableitem":"[object Object]"}},{"type":"sp_col","className":"layout-column col-sm-6","settings":{"custom_class":"","xs_col":"","sm_col":"","hidden_md":0,"hidden_sm":0,"hidden_xs":0,"name":"content-top-b","column_type":0}}]},{"type":"row","layout":"273","settings":{"name":"Main Body","bg_color":"","bg_image":"","text_color":"","link_color":"","link_hover_color":"","xs_hidden":0,"ms_hidden":0,"md_hidden":0,"custom_class":"","background_color":"","color":"","background_image":"","hidden_xs":0,"hidden_sm":0,"hidden_md":0,"padding":"","margin":"","fluidrow":0},"attr":[{"type":"sp_col","className":"layout-column col-sm-2","settings":{"column_type":0,"name":"sidebar-b","xs_hidden":0,"ms_hidden":0,"md_hidden":0,"custom_class":"class2","hidden_xs":0,"hidden_sm":0,"hidden_md":0,"sm_col":"","xs_col":"","sortableitem":"[object Object]"}},{"type":"sp_col","className":"layout-column col-sm-7","settings":{"xs_hidden":0,"ms_hidden":0,"md_hidden":0,"custom_class":"","name":"","column_type":1,"sortableitem":"[object Object]"}},{"type":"sp_col","className":"layout-column col-sm-3","settings":{"custom_class":"custom-class","md_hidden":0,"ms_hidden":0,"xs_hidden":0,"name":"sidebar-a","column_type":0,"hidden_xs":0,"hidden_sm":0,"hidden_md":0,"sm_col":"","xs_col":"","sortableitem":"[object Object]"}}]},{"type":"row","layout":12,"settings":{"name":"Videoslider","background_color":"","color":"","background_image":"","link_color":"","link_hover_color":"","hidden_xs":0,"hidden_sm":0,"hidden_md":0,"padding":"","margin":"","fluidrow":0,"custom_class":""},"attr":[{"type":"sp_col","className":"layout-column col-sm-12","settings":{"column_type":0,"name":"videoslider","hidden_xs":0,"hidden_sm":0,"hidden_md":0,"sm_col":"","xs_col":"","custom_class":""}}]},{"type":"row","layout":"66","settings":{"name":"Mainbottom","background_color":"","color":"","background_image":"","link_color":"","link_hover_color":"","hidden_xs":0,"hidden_sm":0,"hidden_md":0,"padding":"","margin":"","fluidrow":0,"custom_class":""},"attr":[{"type":"sp_col","className":"layout-column col-sm-6","settings":{"sortableitem":"[object Object]","column_type":0,"name":"mainbottom-a","hidden_xs":0,"hidden_sm":0,"hidden_md":0,"sm_col":"","xs_col":"","custom_class":""}},{"type":"sp_col","className":"layout-column col-sm-6","settings":{"sortableitem":"[object Object]","column_type":0,"name":"mainbottom-b","hidden_xs":0,"hidden_sm":0,"hidden_md":0,"sm_col":"","xs_col":"","custom_class":""}}]},{"type":"row","layout":"3333","settings":{"name":"Extension","background_color":"","color":"","background_image":"","link_color":"","link_hover_color":"","hidden_xs":0,"hidden_sm":0,"hidden_md":0,"padding":"","margin":"","fluidrow":0,"custom_class":""},"attr":[{"type":"sp_col","className":"layout-column col-sm-3","settings":{"sortableitem":"[object Object]","column_type":0,"name":"extension-a","hidden_xs":0,"hidden_sm":0,"hidden_md":0,"sm_col":"","xs_col":"col-xs-12","custom_class":""}},{"type":"sp_col","className":"layout-column col-sm-3","settings":{"column_type":0,"name":"extension-b","hidden_xs":0,"hidden_sm":0,"hidden_md":0,"sm_col":"","xs_col":"col-xs-12","custom_class":""}},{"type":"sp_col","className":"layout-column col-sm-3","settings":{"column_type":0,"name":"extension-c","hidden_xs":0,"hidden_sm":0,"hidden_md":0,"sm_col":"","xs_col":"col-xs-12","custom_class":""}},{"type":"sp_col","className":"layout-column col-sm-3","settings":{"column_type":0,"name":"extension-d","hidden_xs":0,"hidden_sm":0,"hidden_md":0,"sm_col":"","xs_col":"col-xs-12","custom_class":""}}]},{"type":"row","layout":"66","settings":{"custom_class":"","fluidrow":0,"margin":"","padding":"","hidden_md":0,"hidden_sm":0,"hidden_xs":0,"link_hover_color":"","link_color":"","background_image":"","color":"","background_color":"","name":"Jd Custom Position Three"},"attr":[{"type":"sp_col","className":"layout-column col-sm-6","settings":{"custom_class":"","xs_col":"","sm_col":"","hidden_md":0,"hidden_sm":0,"hidden_xs":0,"name":"jd-custom-position-three-a","column_type":0,"sortableitem":"[object Object]"}},{"type":"sp_col","className":"layout-column col-sm-6","settings":{}}]},{"type":"row","layout":12,"settings":{"custom_class":"","fluidrow":0,"margin":"","padding":"","hidden_md":0,"hidden_sm":0,"hidden_xs":0,"link_hover_color":"","link_color":"","background_image":"","color":"","background_color":"","name":"Jd Custom Position Four"},"attr":[{"type":"sp_col","className":"layout-column col-sm-12","settings":{"column_type":0,"name":"jd-custom-position-four-a","hidden_xs":0,"hidden_sm":0,"hidden_md":0,"sm_col":"","xs_col":"","custom_class":""}}]},{"type":"row","layout":"3333","settings":{"name":"Bottom","background_color":"#f5f5f5","color":"","background_image":"","link_color":"","link_hover_color":"","hidden_xs":0,"hidden_sm":0,"hidden_md":0,"padding":"100px 0px","margin":"","fluidrow":0,"custom_class":""},"attr":[{"type":"sp_col","className":"layout-column col-sm-3","settings":{"sortableitem":"[object Object]","custom_class":"","xs_col":"","sm_col":"col-sm-12","hidden_md":0,"hidden_sm":0,"hidden_xs":0,"name":"bottom-a","column_type":0}},{"type":"sp_col","className":"layout-column col-sm-3","settings":{"column_type":0,"name":"bottom-b","hidden_xs":0,"hidden_sm":0,"hidden_md":0,"sm_col":"col-sm-12","xs_col":"","custom_class":""}},{"type":"sp_col","className":"layout-column col-sm-3","settings":{"column_type":0,"name":"bottom-c","hidden_xs":0,"hidden_sm":0,"hidden_md":0,"sm_col":"col-sm-12","xs_col":"","custom_class":""}},{"type":"sp_col","className":"layout-column col-sm-3","settings":{"column_type":0,"name":"bottom-d","hidden_xs":0,"hidden_sm":0,"hidden_md":0,"sm_col":"col-sm-12","xs_col":"","custom_class":""}}]},{"type":"row","layout":"3333","settings":{"name":"Footer","bg_color":"","bg_image":"","text_color":"","link_color":"","link_hover_color":"","xs_hidden":0,"ms_hidden":0,"md_hidden":0,"custom_class":""},"attr":[{"type":"sp_col","className":"layout-column col-sm-3","settings":{"custom_class":"","md_hidden":0,"ms_hidden":0,"xs_hidden":0,"name":"footer-a","column_type":0,"hidden_xs":0,"hidden_sm":0,"hidden_md":0,"sm_col":"","xs_col":"col-xs-12","sortableitem":"[object Object]"}},{"type":"sp_col","className":"layout-column col-sm-3","settings":{"column_type":0,"name":"footer-b","hidden_xs":0,"hidden_sm":0,"hidden_md":0,"sm_col":"","xs_col":"col-xs-12","custom_class":"","sortableitem":"[object Object]"}},{"type":"sp_col","className":"layout-column col-sm-3","settings":{"column_type":0,"name":"footer-c","hidden_xs":0,"hidden_sm":0,"hidden_md":0,"sm_col":"","xs_col":"col-xs-12","custom_class":"","sortableitem":"[object Object]"}},{"type":"sp_col","className":"layout-column col-sm-3","settings":{"custom_class":"","xs_col":"","sm_col":"","hidden_md":0,"hidden_sm":0,"hidden_xs":0,"name":"footer-d","column_type":0}}]},{"type":"row","layout":"444","settings":{"name":"Copyright","background_color":"","color":"","background_image":"","link_color":"","link_hover_color":"","hidden_xs":0,"hidden_sm":0,"hidden_md":0,"padding":"","margin":"","fluidrow":0,"custom_class":""},"attr":[{"type":"sp_col","className":"layout-column col-sm-4","settings":{"sortableitem":"[object Object]","custom_class":"","xs_col":"","sm_col":"","hidden_md":0,"hidden_sm":0,"hidden_xs":0,"name":"copyright-a","column_type":0}},{"type":"sp_col","className":"layout-column col-sm-4","settings":{}},{"type":"sp_col","className":"layout-column col-sm-4","settings":{}}]}]